40,106,35
48,388,6,139
48,388,6,9999
41,753,1371
48,790,4,9999,26
48,4637,6,191,239,185,9999,9999,26
73,106,35
48,1166,64,4,422
48,272,487,319,15,12
206,712,8,1495
15,2,102,11,74
24,767,10003,19
68,357,40,106,35,61,48,388,6,139
141,7,172,4156,17,3114,1,6516,1,118,0
141,7,101,207,1003,56,8,2640,3088,17,4,780,0
81,7,284,87,2319,665,53,0
13,87,1649,7,17,4,2645,1,13,153,7,787,57,284,3448,52,0
141,7,8,1993,273,6,75,13,79,365,1,82,252,1,1664,26,57,0
544,0
12,6122,12,52,1876,84,443,84,2,47,0
199,461,175,8,5563,7,597,0
39,365,1,82,1164,1,12,1721,98,5,29,21,0
4,509,365,1,82,32,11,29,12,0
76,56,15,0
66,7,9999,5881,1,13,16,27,1273,6516,0
25,1194,302,999,9999,13,9999,961,4,1136,0
106,6996,5,36,98,5,9999,531,2261,2321,70,1186,39,38,3
25,531,64,4,597,14,103,48,343,7539,9999,7,986,0
25,112,6221,7815,308,6,468,175,4,400,125,1422,9784,2902,26,8065,0
4,1065,38,1,5,38,2775,13,39,38,2178,0
39,381,9999,0
9999,0
9999,0
25,102,11,1652,4,393,6730,26,4,130,6476,10
128,19,110,21,1,65,5,264,0
5,102,11,498,26,786,5881,150,5,32,11,820,57,0
1273,1191,2,1652,635,8598,1,8,3130,8598,1,64,1652,635,6730,0
678,21,9999,3
93,18,15,650,4639,4503,93,9618,2,3
2915,3
32,11,269,0
23,1086,6,1137,0
16,106,139,6,2161,57,1,46,16,27,87,143,2079,0
2,413,15,11,1046,605,1979,14,24,5578,3
648,0
395,1,1438,0
33,7,8,213,467,0
39,38,58,26,19,98,23,1209,806,52,0
24,10,32,11,108,19,2,59,533,449,0
2,196,12,111,35,2078,0
12,801,53,6,35,10003,13,2,3311,75,0
136,5,50,3
2,34,37,0
79,249,19,0
5,102,11,216,530,0
33,7,23,1491,327,17,5193,0
16,27,452,6,436,340,0
10003,3
40,31,17,5193,342,3
91,0
140,2765,1,395,0
5,801,104,103,809,2253,17,2301,2658,150,23,3971,783,25,811,11,909,346,0
2,2909,3272,5193,129,271,176,3
34,2,2917,8363,3
1387,1,40,31,37,1901,42,5193,0
243,0
16,27,904,1901,42,12,0
4398,9999,564,6,9999,12,132,22,19,64,413,6760,8662,0
2,112,17,413,6760,8662,3
66,7,50,0
118,3
744,0
2,32,11,30,6,235,183,0
61,1,28,0
16,27,37,5133,2,112,3485,0
46,5,38,3485,0
66,7,83,63,171,2,17,8,9999,0
2,112,17,8,9999,3
16,27,37,89,6,96,101,9041,13,1471,24,299,306,0
32,11,35,614,0
16,27,45,1502,0
20,263,3
83,112,2,58,3
5,806,52,42,21,245,1,13,63,171,19,42,8,4169,93,149,1
83,80,2,43,48,4314,1
13,29,41,188,208,2,80,3
5,149,1,82,5,266,21,245,13,79,249,19,0
13,39,149,1,82,77,1,25,30,6,90,175,15,0
13,5,149,1,82,141,7,170,6,90,175,9
5,266,75,13,79,249,19,0
13,39,149,1,82,77,1,83,34,2,612,48,4826,3
13,5,149,1,82,357,5,69,4,245,9
13,39,149,1,82,117,7,3637,12,3
13,5,149,1,82,170,9
39,149,1,82,16,49,30,6,133,2,4435,0
5,149,1,82,5,32,11,69,4435,9
5,69,4,245,9
13,39,149,1,82,25,30,6,180,21,236,0
83,34,2,17,5193,3
40,31,452,6,436,340,0
20,292,3
808,14,460,0
66,7,506,0
5,30,15,1,122,9
23,482,137,12,0
33,7,140,1547,6,613,3059,0
13,5,30,1981,3475,42,23,1000,0
2,30,8,1000,3
5,136,3673,17,139,0
118,3
91,1,42,4,317,373,1,2396,1,1714,10
46,58,34,1981,3475,0
73,49,43,236,99,0
46,58,34,3625,4787,0
79,55,35,1212,0
46,40,106,139,75,0
153,7,8,9161,0
8,9161,1,46,1100,0
5,121,149,1100,0
2,80,9
1212,0
79,55,35,1212,0
60,153,7,1212,0
402,1,153,49,35,1100,0
153,7,140,1470,4924,14,23,7697,0
20,34,160,7697,3
5,69,6,687,8,4293,0
8,4293,56,1292,7,1937,17,4,1373,2219,0
28,151,1,28,379,1,45,629,2861,13,7715,0
773,6,3114,1,66,7,107,4,218,18,0
69,8,1536,3
28,1,16,27,92,0
16,27,778,23,1000,0
156,0
66,106,35,172,0
33,7,506,0
5,38,333,17,8,2202,10,21,38,217,376,0
13,5,38,6769,23,399,53,6,4,1674,56,41,4,412,2,112,9999,22,56,10
176,1,460,1,4,1373,2219,1,4,1840,14,3767,1,629,2861,0
2,36,1,33,7,51,169,292,0
76,56,15,0
39,38,8,1346,93,1112,22,8366,7616,0
9999,82,3
10003,82,3
4264,1,16,27,22,23,120,6,326,2838,0
16,49,35,22,94,1,153,49,35,417,0
153,7,417,1,153,7,9999,0
10003,1,66,7,37,115,204,327,0
79,3549,19,393,1,46,161,630,2,326,75,0
79,18,4994,9
1273,9
2838,9
100,9
136,5,417,3
37,65,25,47,125,3049,1504,94,0
55,2,413,26,4,2202,3
5,865,23,2760,0
413,26,4,2202,3
34,2,284,4,734,3
2,36,1,25,80,110,835,276,683,0
134,9
12,38,335,984,6,43,8,5417,0
117,7,4,348,3
16,27,17,8,231,2338,0
5,55,74,0
83,3
5,80,3160,64,101,4225,289,0
2,212,76,2,80,2395,0
5,783,48,4896,411,5,59,52,6,439,1,113,5,904,9000,0
32,11,9999,0
16,27,156,12,311,11,15,231,0
16,27,23,274,1317,1231,0
5,116,305,15,454,17,23,436,0
5,36,2,55,0
45,672,104,0
73,49,47,30,8,71,652,0
73,49,30,1195,1,2,55,744,0
5,59,6,108,2,56,21,1860,5,531,0
81,7,3839,0
32,11,35,754,64,19,1,46,5,1692,0
113,5,114,265,62,0
2,36,20,16,27,51,98,5,43,581,0
335,402,1,16,106,2630,4,322,1560,0
2,1692,4,322,1913,1595,1872,1560,3
678,58,154,4171,249,17,4,254,3
16,27,48,819,1,33,7,2073,0
70,116,2,407,182,652,3
16,27,134,0
5,38,48,1264,64,341,26,4646,52,0
5,383,11,158,12,0
5,8967,8,1291,2858,0
33,7,92,0
2,55,582,13,16,49,43,8,957,3896,0
16,27,3277,8941,459,0
5,102,11,96,195,288,2858,42,45,62,14,97,1250,0
33,7,37,214,0
33,7,233,0
28,1,33,7,37,0
33,7,652,591,0
4,1839,68,7,4163,3453,0
70,206,12,90,3
83,29,2,212,272,20,198,147,76,3
33,7,2830,65,45,62,14,97,3917,0
92,0
16,49,582,8,2184,13,5,45,205,11,407,12,0
20,250,14,4290,652,18,15,3
16,27,37,373,0
16,27,819,0
92,1,16,49,3472,4,5417,0
131,7,47,185,0
16,49,123,341,103,2013,105,119,0
58,34,28,130,2013,0
5,1692,99,0
20,34,2,148,3
5,246,341,8,3124,0
58,112,103,6198,14,4761,249,0
144,151,79,1036,11,1341,70,6,339,4,194,3525,55,306,1830,346,0
23,1649,7,686,17,42,97,0
20,3
16,27,48,1264,64,75,0
161,8,368,0
80,5,307,119,3
79,249,75,1105,0
20,263,3
5,196,79,38,747,3075,0
20,263,18,153,7,3047,9999,0
153,7,533,6,8,1136,3398,509,13,66,7,122,5326,26,75,0
113,141,7,771,1,4,218,1962,9999,1,13,8858,1,4,1600,986,199,0
46,1,28,1,79,381,130,0
130,3
130,20,3
16,27,156,79,228,11,36,0
130,7735,0
75,3010,85,0
79,381,6,82,8463,75,176,182,33,7,122,417,0
188,34,75,733,0
83,18,79,244,44,3
79,137,28,218,0
79,137,1557,292,6,47,0
2838,1,25,30,28,287,0
141,7,28,287,44,0
5,1335,73,49,171,8,569,17,4,597,0
961,4,597,1,2838,3
66,7,107,5,687,0
66,7,107,5,2341,0
23,322,247,18,17,58,0
2,55,2341,17,4,613,287,0
961,4,10,3
28,1,2838,0
219,18,17,58,1,92,3
66,7,23,1113,0
33,7,107,5,687,0
41,14,23,5791,9999,193,23,1113,0
5,102,11,10
153,7,23,293,0
153,7,37,1265,17,8,3856,0
83,127,11,2,108,19,1754,3
5,127,11,69,6,2418,24,652,0
23,4290,4761,834,3124,3
40,31,518,1760,839,1,92,3
40,31,823,19,8,9999,0
220,0
16,49,143,35,8,368,0
98,5,249,2,1,5,1005,175,1430,4716,0
39,149,4,240,9403,2902,2,1135,26,57,18,37,457,0
58,34,28,5096,0
37,62,1219,17,15,2902,0
147,34,1004,42,1301,2140,0
4,2902,18,233,0
4,1349,7,45,17,4,243,5201,0
66,7,20,5,209,57,0
5,149,1,82,1430,1,40,72,109,193,26,8,213,94,0
2,76,141,7,8,585,2,121,246,12,3
28,11,764,0
748,0
748,0
5,149,6,57,1,82,1430,1,8,95,6526,8,1196,0
39,365,81,7,336,42,12,0
113,39,1631,265,1196,0
1475,39,228,11,69,4,1196,81,7,59,9
39,381,8,194,1196,0
81,7,37,336,42,4,207,62,0
50,1,67,0
229,1,16,27,8,124,837,60,0
55,5,780,2,85,3
5,38,52,6,9999,0
58,18,170,148,52,58,0
37,50,60,0
208,283,3812,1,138,49,435,0
50,60,138,31,37,3812,0
16,106,51,6,30,1016,42,2,21,478,0
5,126,8,400,152,248,0
25,30,6,181,0
5,59,8,400,152,6,1822,0
20,250,14,400,3
20,29,2,146,3
141,7,170,6,43,4795,56,0
33,7,56,4,767,0
71,353,0
1273,1,29,2,76,16,27,819,3
5,76,40,31,919,286,0
40,31,45,359,6,4,3268,2,5439,182,19,0
3268,3
37,41,14,99,112,3268,0
20,18,497,24,85,3
119,26,19,3
21,18,26,2,0
336,4290,0
336,4290,0
2,30,6,878,4,3023,6015,0
5,378,23,5451,98,5,383,11,43,12,163,0
5,55,108,0
37,440,8,180,14,1197,1,46,5,878,2,0
306,1,306,0
5,76,5,36,20,160,34,0
29,2,3
160,34,4,7705,86,2762,9
5,383,11,37,43,99,26,2,0
2,90,48,71,17,188,250,14,7705,0
29,415,3
373,0
785,373,0
144,2,0
2,51,99,3
40,31,4,143,62,16,72,197,5439,314,7,724,440,20,6,43,19,0
33,7,150,2,30,8,642,2716,14,19,0
28,2691,82,13,82,4,3748,0
2669,847,9999,0
66,7,919,0
144,2,0
12,38,584,15,13,1117,7324,0
5,383,11,1403,1190,9999,9999,246,2,4460,0
5,76,12,38,7317,3790,93,149,15,4,3388,14,460,18,2206,0
13,5,9434,2,86,4,173,528,25,531,0
5,116,309,104,44,0
33,7,48,373,0
12,18,0
33,7,140,335,0
5,32,11,36,56,613,104,44,0
5,51,6,1153,1,46,5,51,6,47,185,6,4,4549,1275,504,0
2,321,11,1544,12,3
211,25,43,533,1,235,6,4,1573,0
83,18,1209,48,525,3
5,45,59,53,14,8,1209,0
45,150,25,43,8,1953,650,14,1001,3
2,1085,17,42,19,0
73,31,8,557,1,50,3
91,1,25,1085,17,319,0
73,72,109,2404,129,8,384,60,0
5,315,16,27,207,4652,0
5,36,0
41,24,4854,34,284,533,10
6516,1,117,7,52,3
918,1,70,34,2,3
918,1,21,18,5818,0
5818,1,918,9999,0
480,7,12,89,3
6516,13,5818,0
21,18,2838,0
21,18,6516,0
21,18,5818,0
48,1,20,34,2,201,148,104,44,3
79,45,1008,75,278,8,1402,851,901,0
2,76,33,7,1402,0
5,76,33,7,172,0
128,99,74,12,0
179,16,27,243,0
61,1,66,7,8,10
8,334,14,4,2249,9999,0
2,320,15,0
161,0
33,7,1320,42,9999,3216,0
3723,11,12,703,3
5,76,33,7,1667,0
45,20,39,621,1,8437,9796,0
5,212,196,2,114,8,124,8034,26,24,278,0
492,492,0
100,9
73,31,89,6,8,172,6914,1839,360,184,0
25,69,6,2455,2,0
16,72,9999,2,6,2838,0
2,55,143,5604,0
15,697,172,0
34,25,837,360,184,3
73,31,473,23,660,53,0
46,15,38,9999,1,5,196,0
2,523,6914,627,0
54,22,0
33,49,35,485,0
5,155,133,12,265,437,0
20,5,139,56,9999,18,15,81,7,48,9999,8025,0
4,2330,1,4,338,1117,1428,3163,0
212,17,103,4505,1460,9784,0
127,11,5,110,15,2747,290,152,56,721,9999,3
8025,0
440,0
5,163,359,4,2594,0
66,7,10
107,80,2,47,6,361,3
9999,4150,0
3632,6044,0
9999,0
46,5,1588,53,0
62,14,75,1079,990,17,139,42,75,0
12,38,872,0
39,38,533,0
12,38,120,122,159,1446,26,41,14,97,0
87,699,349,9
961,6254,6,1397,1,153,7,8,140,71,3900,0
5,267,6,846,1,46,113,5,225,285,51,9999,2667,1,13,403,56,12,9
153,7,24,1337,9
46,2,102,11,229,6,4,1496,2538,7,1,50,3
63,9999,4,662,0
127,11,5,110,15,3
5,785,1185,42,2,0
16,106,139,6,36,56,12,0
79,18,919,0
33,7,821,0
131,7,47,6,4,1573,1077,1237,0
5882,9999,18,633,0
12,155,35,8,172,260,0
16,49,43,48,9999,1,46,5,136,1080,6,74,75,0
172,0
2,43,52,48,821,6,687,0
67,1,46,5,80,317,14,23,412,26,360,1,48,10
155,25,3
20,29,2,10
67,1,156,0
969,24,399,86,1521
1163,24,944,64,184
12,116,446,6,2
32,11,840,1654,105,2,282,9999
285,4953,8,9820
13,104,2,9999
191,101,674,22,2029
304,98,1007,3831,780
12,116,446,6,2
153,7,48,686,0
5,1185,0
153,7,939,686,0
785,0
40,72,3752,75,0
20,38,5,405,3
16,106,139,6,96,62,14,188,3138,104,4,9999,0
33,7,462,6,35,48,373,0
37,330,3
14,270,37,330,0
5,38,10,66,7,506,0
46,70,5676,8941,15,111,35,0
15,111,35,48,5676,8941,0
2,523,1648,0
2,523,9999,0
5,523,9999,0
33,7,9999,1,237,3
5,32,11,523,41,9999,0
5,69,6,74,4,9999,13,4,2414,2971,3748,0
16,72,296,1247,17,1734,9999,0
138,31,2445,9
2414,1,1362,10
13,1216,4109,111,35,10
4109,3
70,159,30,2,114,6,447,3
29,2,51,4966,3
29,5,51,4966,3
103,147,43,6661,388,193,99,1,46,5,76,138,31,373,0
4,120,63,235,10,33,7,48,9999,0
48,9690,10
5,139,4966,0
9999,1,26,1858,0
9999,0
2829,0
9999,0
9999,0
9999,0
5,139,99,41,0
5,610,215,16,27,1719,21,0
61,1,135,0
16,72,1282,149,1,1282,1,15,141,7,170,51,8,7417,5422,2283,17,4,1322,0
16,72,149,21,0
40,31,1026,0
66,7,37,397,0
1151,14,1322,1,141,7,462,6,35,8,7945,330,0
25,155,1747,8,261,13,609,6,4,9294,0
25,116,486,22,4,1348,10
39,2528,4,9294,0
424,2528,4,1681,0
153,7,52,26,169,0
33,7,122,417,26,19,0
5,102,11,0
32,11,2,30,101,4225,360,3
23,4853,3967,64,426,1765,1,12,78,37,202,4,184,0
5845,3647,9
784,3155,5845,3647,9
153,7,23,1337,3803,9
32,11,5,4768,75,41,4,94,3
784,3155,5845,3647,10
2838,68,7,335,1,256,11,79,3
153,7,92,1,5,864,0
40,31,1026,0
5,38,286,64,75,367,17,4,4853,556,13,79,137,21,132,665,2299,3130,0
258,3
522,3
170,0
918,68,7,393,56,75,0
5,59,4,322,467,355,2,112,17,4,3910,7,287,2493,52,0
16,27,233,0
215,19,1,16,27,92,0
79,1085,17,42,57,13,5,43,4,612,39,18,1080,6,852,75,0
61,1,67,3
63,123,8,214,557,0
81,7,2396,13,140,3200,0
34,2,92,3
67,0
2838,3
100,1,33,7,1273,6516,0
71,1,71,0
2,3
229,1,5,38,45,56,6,47,6,21,207,898,1018,5,300,53,56,0
5,36,2,112,1060,17,2222,52,103,9999,2667,0
16,27,395,9999,869,24,254,1,48,5,196,15,1,466,10
5,146,1,65,2,13,918,34,837,10
50,0
14,270,0
39,111,35,64,180,0
20,38,5,421,3
5,116,35,58,335,402,0
179,1,110,1,224,375,3
172,0
16,49,326,2,17,535,14,24,222,0
353,0
311,11,79,172,4,198,184,3
48,172,0
5,139,15,2,1015,207,2964,0
138,31,48,335,0
16,106,139,6,225,2,846,2030,0
5,102,11,846,9999,0
16,27,122,819,0
819,3
16,27,134,0
80,2,110,819,3
46,5,30,160,172,3277,2427,0
63,96,183,24,5745,1,46,4604,24,2299,609,0
678,15,70,2,531,918,3
86,87,898,694,3
28,0
39,1201,19,52,17,2270,1136,1,395,0
61,1,70,506,0
13,2,201,59,10,1170,1358,3
28,0
81,106,51,6,1,46,10
5,102,11,3438,0
46,12,1036,11,263,346,0
2,3
19,1066,0
466,1,2019,1,290,44,0
5818,13,5,34,17,4,202,1623,1,2567,0
118,3
61,1,67,0
79,127,11,133,19,15,3610,0
79,127,11,3
77,1,66,7,812,1,150,66,7,4,143,3610,6,133,1,118,0
61,9
90,64,21,1,178,1,898,0
3108,3904,0
21,18,8,9999,10,118,335,2964,22,44,0
128,19,43,2,21,84,8,124,901,0
55,5,29,15,3
5,38,395,1149,6,21,202,184,1,13,5,196,14,2,0
2,112,1149,6,3108,3904,13,196,14,19,3
2,187,118,30,8,3209,22,19,0
5,29,3
16,106,110,33,7,6103,0
16,27,134,0
5,1,178,10
5,383,11,3547,0
32,11,1478,0
5,266,2,6,0
2,80,3
91,0
16,72,114,8,3209,22,2,386,25,531,0
383,11,2,108,1,4,120,5,38,9999,2,3
77,1,58,38,119,9999,56,24,9999,0
5,196,2,112,632,13,2629,13,5308,0
13,5,116,108,2,1115,19,1,122,0
5,102,11,215,16,27,17,139,42,8,1027,1733,0
5,32,11,69,419,6,43,444,0
107,112,2,3
33,7,620,276,578,0
107,3
77,1,466,1,5,114,8,778,6,47,6,0
2,897,86,3334,0
5,29,3
23,151,1,24,1702,18,529,9
12,18,3
77,1,466,10,66,7,150,5,114,103,1195,0
1195,3
83,3
33,7,37,729,129,0
28,0
178,1,6,2570,0
178,1,4,453,0
33,7,1,178,10,237,5,10
678,21,8,3043,7,653,3
678,21,10,18,21,8,3043,7,653,3
5,146,1,12,116,35,10
5,864,0
1831,86,1,178,1,4,2075,0
12,38,10
5,146,1,5,76,1,2,36,1,41,4,147,17,13,53,1
5,458,2126,52,17,10
5,315,1,4,3043,7,653,0
5,136,4579,0
79,527,19,65,5,186,139,75,0
20,116,5,110,3
83,102,11,5,108,75,4,538,3
16,27,17,139,42,2838,0
83,102,11,5,108,75,33,7,129,3
83,102,11,5,216,147,3
108,19,56,24,567,0
4,5287,8701,59,2253,64,3536,1733,97,3
67,0
48,20,55,12,1831,146,3
90,1,5,102,11,191,2737,23,591,44,9999,4873,944,0
5,30,8,818,42,2838,0
5,102,11,191,623,193,508,22,4,9999,13,309,51,21,0
2838,55,820,12,1,46,5,126,158,0
20,29,5,29,3
5,30,6,9999,341,86,5818,0
33,49,468,75,399,0
79,381,6,852,19,9
4,199,78,37,181,0
16,72,109,42,57,26,224,217,0
20,461,6,279,56,4,5287,8701,3
74,3
21,18,20,5,43,0
5,126,8,270,14,1162,1,13,39,381,19,6,487,5072,56,4,5287,8701,0
5,139,148,12,17,7262,0
33,7,48,9999,0
389,275,26,2516,5981,8744,17,364,6,7605,2619,0
5,30,6,1403,70,6,128,5818,104,1575,2795,0
141,7,28,2332,0
16,72,109,4,198,318,182,0
918,311,11,1281,98,2,209,57,3
39,38,3302,0
46,5,38,1131,56,341,89,17,0
2829,1,5,127,11,108,57,12,38,2,5,38,17,139,42,0
5818,10
32,11,133,19,15,9
5,32,11,215,2,9
188,34,1325,2842,22,24,85,0
2,127,11,688,22,24,8024,9
20,34,2,421,56,3
219,0
98,25,173,531,1,98,5818,300,53,0
237,15,3
105,98,25,1508,175,15,842,84,1245,13,9140,8743,0
105,70,25,246,139,1182,0
2,36,406,504,8164,6324,18,8,6267,7,60,3
3839,0
32,11,0
83,37,3
5,102,11,0
20,29,2,146,3
33,7,37,1796,0
25,121,436,42,416,198,0
5,209,2,16,27,89,236,8,1981,3475,0
16,49,110,0
33,7,109,479,601,9
5,149,2,116,436,42,198,544,0
5,32,11,139,198,544,0
5,32,11,69,6,436,42,198,544,0
5,139,2,0
20,80,5,29,6,334,2,132,3
5,32,11,43,12,0
170,0
2,80,170,0
33,7,212,56,2,0
2,30,377,101,5354,0
101,5354,3
20,29,2,69,19,6,29,3
9999,23,1461,1,430,23,410,1,253,341,4596,13,128,2,29,12,6,19,3
33,7,284,6,4,464,107,5,264,1725,26,15,0
583,5,76,33,7,150,2,1729,19,14,23,252,0
2,333,209,19,2,196,24,252,38,6885,3200,0
66,7,37,4,454,14,57,2,1729,19,14,0
33,7,37,3
20,18,12,1,113,3
2,36,1,87,1823,3743,0
632,13,1470,4924,0
2688,1,16,27,134,5,30,48,302,334,132,9597,0
5,127,11,1097,0
436,42,198,544,0
45,32,11,108,19,56,12,0
29,2,139,19,3
20,8,545,9
45,150,5,595,183,98,2,576,19,3
45,150,5,595,183,98,2,576,19,3
6516,1,133,19,8,468,0
79,149,12,38,4471,0
4264,1,2,363,11,9999,24,2990,26,75,17,479,601,9
33,7,1867,9
5,30,8,2557,15,122,159,9999,5708,2796,0
79,6248,19,6,436,42,198,544,0
77,1,29,12,9
26,1284,7,4048,9
12,228,11,348,0
5,30,28,1524,17,198,544,0
74,1,163,23,173,349,38,10
349,3
2,112,533,3
8,4717,467,0
61,1,242,9
5,114,8,1981,164,0
5,59,52,1,171,22,8,1442,13,4,2139,277,132,0
113,5,325,6,4,261,6,306,4,345,1,13,4,820,277,132,0
60,16,27,452,6,47,6,4,1241,0
20,80,2,29,3
5,266,6,1056,4,389,0
28,1,2,127,11,0
20,29,2,146,3
5,80,0
5,38,9394,4,389,0
121,510,8,199,93,9999,26,4,389,0
39,93,381,6,43,4,389,1,516,12,0
84,2,47,236,176,1,98,2,118,69,6,43,4,389,1,2,78,0
77,1,5,38,1973,22,284,12,0
128,19,269,2,10
80,2,225,20,15,199,149,3
224,147,112,244,17,84,25,112,666,0
4,9999,199,3
67,0
795,0
58,112,142,201,13,8,245,0
5,127,11,225,57,0
3299,354,41,3126,0
80,2,225,15,3
28,9
91,1,785,0
39,9999,149,12,6,75,105,4,199,42,99,1,46,12,38,118,26,115,3792,0
3299,354,41,3126,0
5,32,11,76,12,38,26,23,3792,150,5,127,11,225,169,0
5,36,93,40,31,262,56,0
5,303,21,11,8625,1,46,5,127,11,225,169,13,5,30,335,71,1719,0
150,2,112,4815,42,4,5256,9999,5291,623,193,0
128,19,108,2,1,6516,0
25,309,17,9999,456,0
100,0
232,0
70,34,2,3
71,0
70,38,4,10003,3
33,7,440,51,5881,365,0
58,18,1505,8,9999,14,9999,2294,17,4,247,0
98,78,5,326,21,9999,3
39,18,1867,0
81,7,439,219,0
39,2484,625,0
39,2098,1,105,48,39,4520,0
16,72,439,103,14,87,6252,10,41,9999,9
2796,13,2676,2903,13,1120,8637,0
13,87,9999,18,9999,0
2,102,11,43,4,199,22,8,451,0
33,7,2343,40,31,48,657,42,391,0
100,1,558,2508,0
5,209,2,37,6,168,19,558,2508,9
23,203,18,5290,9
558,2508,481,19,662,2636,0
23,176,256,11,129,346,0
961,638,1,16,27,45,1198,6,309,12,0
1058,1,5290,0
13,5,126,103,158,86,2,0
329,1,116,2,181,56,21,360,3
33,7,417,0
20,1,34,25,479,217,207,3
33,7,723,115,5549,3
33,7,92,0
33,7,143,337,276,683,0
5,976,6,171,103,2964,319,13,29,8,9784,764,0
293,1,4,1309,137,118,824,17,4,723,1438,217,0
83,34,2,48,9999,3
16,27,37,0
16,27,8480,0
5,32,11,69,2,6,43,444,0
70,3
5,116,212,846,0
14,270,2,55,846,0
16,27,37,405,15,0
46,208,435,0
1886,1,4,9999,400,10
102,11,2,35,130,1470,4924,3
40,31,48,8977,9
5,136,37,9
5,523,23,893,9
135,0
2,426,30,140,71,3241,0
5,196,16,106,171,8,396,2964,319,13,2,116,687,584,4,2964,181,26,19,0
16,72,121,248,15,732,14,152,0
45,103,9999,0
37,3114,0
5,383,11,108,8,1003,65,23,176,5684,1805,22,12,0
45,103,1496,371,3645,0
4,538,18,1,16,27,250,14,1753,1805,420,50,60,10
61,1,151,9
678,424,22,23,504,3
1273,1,2,116,29,12,0
21,412,461,48,2339,6,2,0
2,45,149,21,18,8,838,68,7,6809,13,0
20,80,2,168,19,3
33,7,101,4173,0
5,36,0
5,564,6,9999,75,1,46,79,205,11,229,6,19,0
16,27,308,6,770,23,598,0
160,8065,34,8901,19,0
16,72,657,4981,86,99,0
61,1,403,5,163,527,0
92,0
5,121,149,5,321,11,29,12,0
5,45,30,6,1315,12,17,0
12,205,11,35,9999,9
5,30,1288,14,1744,9
16,27,163,463,8,2946,3639,9
44,3
33,7,8,7553,0
5,114,6,9150,9
141,7,28,287,26,8,2946,0
150,2,32,11,9999,24,1113,9
5,38,101,7840,9999,0
108,57,1,2838,0
5,36,21,18,8,271,804,1,46,33,7,4471,0
2,146,51,115,139,518,3
116,2,37,35,3732,3
84,4,351,1303,1,5881,13,5,59,1384,13,1384,0
211,39,909,361,1,73,106,326,17,2270,1136,0
81,106,1360,1406,3103,22,119,0
2,76,6949,5178,137,4,572,3
5,146,1,20,1820,206,12,1484,26,19,15,94,13,1113,34,440,4,290,152,3
5,269,8,199,20,94,12,18,1,39,1494,19,479,810,3
12,38,343,82,121,510,8,1566,1048,1674,0
2,111,35,7398,70,302,147,29,440,15,1,13,839,0
29,2,9999,1,6516,3
20,3
5,146,1,844,4,2846,14,24,693,176,1,5,111,76,10
21,18,37,10,166,9999,0
16,27,37,0
5,32,11,36,0
60,13,113,1,5,315,0
98,18,60,13,113,3
22,5187,13,9999,3
5,32,11,118,960,12,0
34,2,148,12,50,3
206,24,362,688,1368,3
5,446,6,76,33,7,8,699,5962,26,4,271,152,0
118,3
2,36,3
29,2,274,8,406,1104,3
8,450,3
8,450,9999,84,8,406,1104,1,91,0
28,0
83,111,415,3
26,1206,1699,0
524,93,3
524,188,93,9999,6,1914,2,0
1914,19,3
32,11,269,20,2,80,6,1511,12,0
5,146,1,151,1,439,6489,7417,0
2,36,1,54,42,19,6,194,2580,0
6516,1,5,347,4,3384,8,396,711,376,14,5865,2,8,124,901,0
20,3
138,31,463,8,2927,44,22,9999,1880,768,8517,0
20,3
864,40,31,185,62,184,17,569,1,9999,1,13,103,201,468,17,0
2,126,2266,0
16,106,4710,5923,337,0
5,32,11,126,8,2888,0
30,2,197,4710,1805,5923,337,3
33,7,51,308,6,43,8,7484,0
54,22,0
5,32,11,126,8,2888,0
16,49,458,1147,52,3298,23,1052,132,0
20,18,243,42,2,3
34,2,377,8,9999,2,102,11,191,8,406,1104,332,9999,12,9999,3
5,32,11,126,8,1204,0
372,621,8,1204,0
20,206,15,146,3
12,499,4,164,78,54,98,2,476,2,114,62,0
83,440,3
83,3
48,63,32,11,171,2,17,8,945,261,0
5,69,6,43,2,103,14,21,412,1,122,0
20,26,3
48,2,55,1465,8,3857,3584,0
5,30,8,590,3857,3584,0
16,72,109,457,22,12,26,217,0
202,478,5,59,103,172,834,8621,1,13,8,433,1853,1372,945,15,5234,0
20,34,2,4689,26,1,4,366,14,4889,3
5,30,6,36,65,16,27,340,17,4,1216,1,5,55,1572,125,341,0
5881,1,40,31,8,6777,0
66,7,20,63,149,17,3358,0
58,112,395,4656,17,3358,343,82,3299,26,3773,0
63,112,9999,0
63,196,81,106,35,71,26,4,592,0
121,510,8,1566,1048,1674,0
125,4,94,5,59,53,14,569,13,2999,12,1
4,2040,111,35,248,0
66,7,83,2,191,12,2999,0
5,155,191,8,2999,450,17,4,254,3
83,111,2,191,101,2778,2999,1204,17,4,254,3
29,2,191,8,2999,450,17,4,254,3
5,30,8,2999,1204,17,23,254,1123,1075,0
1123,1075,1,6516,0
961,239,287,0
45,70,393,34,2,3
678,58,130,3
29,2,225,3241,22,4,1108,105,5384,4966,3
2,34,8,2026,14,62,14,4,317,9999,9999,17,981,0
4,2888,68,7,22,19,0
128,19,820,21,0
21,481,19,1227,0
16,72,121,4282,8,1204,0
2,30,6,720,6,96,12,1404,13,171,12,319,9999,0
2,264,30,6,29,12,17,4,795,0
2,1875,5847,13,8,9157,3
10003,1,355,2,112,9999,193,4,1018,17,101,3031,796,2578,9423,1
5,59,2,8,557,14,6178,0
5,59,2,8,6041,15,5234,65,2,636,12,17,4,1681,26,154,585,0
98,4,238,136,5,869,4,1681,3
5,69,2,6,1465,8,3857,3584,0
5,59,2,8,8492,1,8,10
5,309,17,5355,0
83,111,5,126,8,8492,3
21,6863,450,0
5,59,2,103,2092,1325,412,1,834,8621,1,433,10003,8171,1738,0
21,41,697,8,124,9999,6,19,0
13,32,11,595,4,3072,0
3284,12,0
3284,4,3072,0
66,7,50,0
45,96,3031,13,3284,10,507,450,1496,7667,312
134,9
134,1,134,9
33,7,1373,0
5881,38,2236,19,70,6,339,8,2888,0
25,112,6310,0
83,3
83,3
77,1,33,7,26,2266,0
86,93,3
20,29,2,146,1,86,93,3
5881,1,108,75,0
16,27,5881,0
232,0
93,29,2,126,2266,86,3
30,2,114,8,3101,6695,3
2,13,8,2888,3
5,36,12,639,888,0
117,7,21,412,3
21,18,41,140,525,0
160,34,433,10003,8171,1738,13,66,7,8,6041,15,5234,0
131,7,110,2,636,12,17,4,1681,0
12,5234,0
34,2,4651,4,242,6448,3
33,7,41,140,1530,0
34,160,2989,3
138,31,343,4354,0
50,3
1010,17,44,64,154,464,0
6516,1,5,32,11,146,6,9999,6366,9999,44,0
2,74,3
113,5,30,4,1373,10,1373,3631,0
92,3
13,20,5,29,18,5,171,21,60,17,4,8857,6255,17,4,2888,1,92,3
48,113,65,8,437,68,7,657,1,12,205,11,118,406,0
37,411,4,369,891,491,175,4,8857,6255,0
4,3131,9
4,3131,1,6516,9
961,6,4,3131,0
5,136,37,613,17,4,254,42,8,2999,2888,0
2,32,11,510,19,6,191,8,406,1104,332,3119,419,3
136,5,101,9155,3
678,15,8,1481,545,3
5881,1,111,2,110,119,3
33,7,87,612,15,84,4,7306,9999,1,1074,8152,1,92,3
13,3566,10,3566,137,1814,1311,0
2,149,21,0
81,7,9999,0
5,171,12,130,9999,98,5,10,507,345,2596,312
61,9
32,11,380,1,293,0
33,7,37,2999,0
117,7,791,3
5,1008,8,2888,0
8,2888,3,9
16,27,37,613,17,8,254,42,8,2888,9
32,11,380,1,329,0
33,7,666,0
28,1,33,7,37,0
33,7,37,666,0
166,736,19,558,2508,9
23,203,18,5290,9
16,27,37,24,526,361,1346,9
6516,1,3682,400,17,9999,3278,3999,5354,4490,23,2607,1,48,16,49,35,666,0
157,1,111,2,279,1577,19,2550,21,2946,3
19,3
293,1,81,7,8,1870,0
111,2,96,160,98,2,47,3
5,32,11,272,93,39,18,0
21,287,256,11,50,0
66,7,150,33,7,122,6195,0
1840,20,3
2,69,19,22,8,1136,5066,3
32,11,35,48,4898,0
41,5,69,53,18,21,494,2888,0
34,2,89,6,158,19,3
5,309,6,1484,0
123,24,2916,724,0
10003,0
10003,0
220,0
80,5,43,2,64,8,231,94,3
5,45,69,6,448,4,818,26,4,366,14,4,478,26,1016,0
480,7,1666,3
1666,0
253,22,62,369,1,2915,0
5,30,9999,17,4,4483,86,8,478,376,1559,0
2,971,3
28,0
5,123,12,8,1606,121,6,8941,4722,9999,15,30,109,230,130,192,6610,500,0
700,1,5,126,8,447,0
21,287,45,256,11,50,0
20,34,160,3
433,10003,8171,1738,0
20,26,3
678,4,9474,7704,52,3
2495,68,7,189,0
20,29,2,69,6,181,56,3
4,93,1,4,20,13,4,9999,0
2495,1,9650,68,7,1,64,3553,0
50,0
353,0
28,1,40,31,148,12,0
45,10003,12,0
117,7,791,44,3
5,30,12,420,645,0
170,15,102,11,35,248,42,940,9999,13,103,9767,3606,0
5290,1,107,29,2,69,21,3
524,4,933,0
16,49,158,2,29,12,0
157,1,111,2,96,21,3
329,1,44,2,47,0
428,1,20,8,2971,1701,9
313,24,434,98,2,547,160,52,0
160,208,446,0
21,55,35,6050,106,0
5,32,11,251,83,188,147,116,216,4,287,211,4,652,503,13,47,185,0
117,106,2,76,3
12,38,172,0
67,1,5,1185,0
229,1,16,27,134,56,23,293,0
5,36,153,7,109,53,14,645,0
32,11,380,56,12,0
79,18,8,124,984,1,46,6338,1,5,78,6481,158,75,42,75,1687,764,0
2,34,8,1132,0
5,32,11,36,20,16,106,29,332,2,0
16,72,59,8,172,344,0
9999,14,89,185,1,131,7,389,175,8,842,0
131,7,389,175,8,842,9
179,183,86,219,17,8,904,515,4539,1,40,49,35,130,6163,0
25,359,6,389,175,7262,41,4,94,0
12,38,2078,13,485,0
46,12,38,515,113,0
46,12,205,11,35,515,0
33,49,35,45,51,25,359,6,0
54,22,1,33,49,35,172,0
232,0
70,34,2,3
73,31,1060,17,8,962,287,0
70,159,18,15,3
8,962,287,18,6263,8,184,0,6263,0
607,0
33,7,919,70,163,4,2080,4722,814,30,350,52,0
131,7,37,43,8,962,0
33,7,48,9999,0
73,31,308,6,35,2108,0
40,31,50,0
466,1,29,2,30,8,680,3801,3
8,680,3801,3
140,680,0
128,19,389,0
16,49,35,50,85,0
607,9
90,64,21,222,0
33,7,214,0
144,2,0
30,8,71,62,0
70,159,80,2,133,57,3
224,1444,0
37,338,3
338,3
39,45,801,4,556,22,0
25,30,28,5139,0
155,5,30,844,57,338,3
12,228,11,348,0
16,27,134,0
16,27,45,5113,0
21,18,485,1,256,11,12,3
33,7,250,14,1714,1,283,85,17,8,842,0
155,25,582,7169,3
7169,3
2,45,114,41,15,6569,64,4,856,0
1586,4,9999,13,4,952,1646,3124,0
5,36,0
16,27,1058,89,22,8,3277,360,0
5,102,11,215,70,159,63,921,26,8,3801,0
33,7,37,20,5,2286,0
678,15,20,40,31,421,56,3
28,0
28,1,16,27,421,14,2,13,70,1714,2,34,0
5,126,265,0
54,44,0
117,7,243,3
33,7,122,1591,0
122,1591,3
92,1,77,1,5,55,991,15,1,5,315,0
678,15,189,3
28,1,33,7,186,122,1591,0
118,3
91,9
2,36,70,364,21,18,26,19,0
179,33,7,150,14,21,287,0
16,49,331,160,132,0
58,0,678,15,189,3
28,0
334,15,132,0
2,359,6,51,518,139,42,4,1181,22,0
105,17,8,3607,287,17,535,14,8148,0
237,3
55,25,354,42,4,1181,132,3
92,0
37,8,327,0
58,25,47,0
480,7,15,3
144,2,0
54,44,0
2,36,70,1714,2,34,3
44,10,131,7,96,132,24,2769,1442,0
16,49,96,23,1251,132,44,0
700,9
16,27,134,0
5,114,41,21,435,86,4,856,254,98,5,1008,24,6569,0
5,102,11,29,21,0
4,528,68,7,2304,0
66,7,393,0
12,675,11,35,15,4578,0
33,7,37,56,155,9
90,1,16,27,8,4139,9
92,1,16,27,134,0
16,27,134,1,46,5,102,11,0
5,102,11,29,21,0
73,49,354,177,1,92,3
33,49,35,233,0
8,691,7,417,1,92,3
25,59,21,287,0
131,7,96,2660,0
73,49,45,354,129,1,92,3
54,44,0
74,3
33,7,170,25,363,11,248,182,1,50,3
1273,3
1273,1,5,102,11,1192,0
20,29,2,146,3
5,102,11,10
20,29,2,146,3
5,102,11,1192,0
23,1948,68,7,4637,8941,0
24,1948,68,7,37,4637,8941,0
12,18,0
21,137,263,182,0
83,32,11,2,370,104,3
2838,1,370,104,26,8,369,0
2,69,19,6,43,2,103,433,3
28,0
5,223,9026,0
40,31,37,9026,0
5,136,0
45,1,45,96,12,388,0
2838,1,29,2,69,19,6,306,4,928,3
179,2,126,103,1296,622,0
40,31,284,5789,0
34,2,634,3
5,126,8,509,0
2,32,11,126,8,509,0
45,1167,104,26,8,369,0
16,27,118,4931,0
41,50,0
45,1,466,1,253,22,0
45,1,466,1,1192,236,24,1225,1,92,3
54,22,0
54,22,0
44,0
216,8,2212,26,4,3329,0
48,1,65,5,1033,22,24,1996,44,1,29,2,223,154,804,3
77,1,33,7,50,420,4,4187,5,43,8,1367,804,0
24,249,4187,3
91,0
30,2,197,114,8,4079,51,21,182,3
91,0
29,2,30,154,9999,3
5,379,37,0
16,27,45,2154,24,1974,4371,50,60,0
2,96,41,160,2427,3
91,0
138,31,515,3277,0
113,5,30,23,9999,13,23,1246,2427,0
46,63,30,3388,4154,0
5,32,11,96,99,41,22,4,290,164,0
2,114,8,396,4115,1,2,110,3
1192,17,0
253,0
128,12,47,0
83,29,2,339,3277,2427,3
5,30,103,536,42,23,1706,0
40,31,37,129,1706,0
2,30,8,965,789,0
4726,85,0
21,228,11,444,1,206,12,3
28,0
40,31,8,140,373,449,318,0
144,2,0
67,1,1192,0
71,0
4,509,114,189,693,9999,75,192,16,72,114,17,805,601,9
79,137,21,120,5102,4703,0
295,47,7021,393,26,75,9
20,29,5,29,3
16,27,2738,17,8,879,44,0
20,29,5,29,3
110,119,0
115,94,18,52,0
864,25,1350,64,115,273,778,0
165,6516,1,5,111,51,6,110,15
5,78,166,5517,2,65,2,3364,22,1685,15,2888,0
20,3
83,3
5,76,33,7,101,1397,53,0
13,33,7,130,6,24,2660,6,181,56,12,192,764,53,0
46,5881,894,17,4,366,1,25,55,143,840,22,1298,0
16,27,452,115,94,18,52,0
521,2,32,11,43,1307,14,4,2888,1,5,102,11,1350,4,5193,0
1273,9
100,1,861,0
70,34,2,3
16,27,71,0
48,1,20,34,2,148,44,3
16,27,463,1016,42,23,1672,1,441,0
15,850,9999,3729,3
5,303,57,47,17,0
2915,0
67,1,67,0
424,4051,83,2,32,11,574,57,0
574,2915,3
4,199,18,8,1003,17,4,400,0
61,1,67,3
67,0
16,27,603,2,21,84,8,281,0
40,31,1198,6,446,8,124,390,0
2,32,11,126,8,1860,51,21,9065,2,0
221,0
16,49,995,76,56,12,0
480,7,24,1000,3
2838,3
153,7,71,0
153,7,3469,1397,13,1687,0
606,19,62,152,0
2,201,197,468,52,1,2,133,19,75,429,0
45,709,0
863,16,27,3895,634,0
73,31,37,1509,52,0
71,6,74,2,0
467,14,23,176,0
353,1,1273,9
134,16,27,417,0
5,196,16,106,35,417,0
23,329,114,8,9999,854,0
48,1,2,69,6,1822,10,3
28,204,453,0
16,49,43,12,53,14,4,120,113,25,55,407,13,960,4,2184,0
8,718,1,135,0
16,27,233,0
60,10,115,2232,1906,38,26,224,217,0
33,7,537,52,0
33,7,52,17,8,396,601,0
23,422,594,26,2,18,89,1876,0
8,255,14,147,5304,64,19,98,5,149,5,143,266,62,2079,0
13,8,374,1,122,9
5,149,1,82,2,29,37,36,1273,6516,0
1273,6516,13,5,30,8,642,1413,0
12,491,120,1352,4,1906,0
25,34,140,430,0
5,38,64,87,916,0
5,1008,57,8,2057,1830,0
25,34,21,430,0
16,72,248,208,26,57
2,383,11,163,687,175,8,1906,0
117,7,21,3
115,194,3053,0
2,32,11,30,6,439,12,60,0
96,12,185,13,439,12,0
33,7,37,15,2227,0
33,7,4,290,152,1,863,33,7,26,705,217,1072,14,224,0
5,1335,1,83,4138,2,42,5833,8,1906,239,224,217,3
1243,386,73,31,88,35,319,26,8,213,1,213,94,9
2,102,11,659,15,1,6516,0
20,34,2,1,8,9999,3
5,102,11,37,659,12,0
4,1349,7,322,176,18,8769,17,19,0
4,1349,7,101,938,9
81,7,17,4,243,400,0
39,155,35,3104,8,5695,22,5054,3398,0
39,171,17,4,984,180,98,28,62,292,4391,0
81,7,37,8,231,199,1,81,7,45,10
10003,1,23,3971,365,5,30,6,43,1307,14,4,2888,0
20,3
39,365,33,7,101,1397,53,0
20,250,14,9999,111,69,2,8208,17,21,247,3
81,7,37,8,9999,0
14,270,1,33,49,1452,2,8,396,1444,0
46,63,102,11,158,2,1,150,176,18,20,12,18,0
153,7,3060,22,2,1,2,36,0
20,34,2,262,56,3
153,7,3060,22,2,9
70,29,2,36,3
68,357,5,36,0
70,29,2,36,3
2,74,75,42,285,3
28,0
80,79,110,119,6,2,3
28,0
113,83,111,2,110,153,7,3060,22,19,3
5,55,108,125,75,410,0
75,410,3
75,410,0
91,1,75,410,0
5881,1,2,30,8,970,9999,0
9999,1,6516,0
9999,0
678,79,3060,22,19,3
5881,137,5013,4,77,0
70,4,238,111,39,36,3
678,39,103,250,14,9999,3
37,64,41,0
81,7,8,911,1,1967,8032,4291,0
3299,354,41,3126,0
8,450,17,239,287,14,87,1134,9
2838,68,7,3060,22,19,150,39,1631,12,17,75,410,3
2745,9
13,346,10
1273,3
21,18,3763,0
3763,1,1273,0
214,6,326,2,0
3763,18,8,1667,3573,0
2838,68,7,4,3573,9
692,9
54,42,19,0
5,30,6,181,6,2,0
2838,1494,19,40,31,8,2623,0
20,34,2,457,22,3
8,4293,0
56,20,3
4,3945,5197,14,7856,8941,1038,7,460,0
5,45,909,82,2687,86,3257,0
3723,11,9999,4,317,919,1,9999,1,4311,2623,3
93,1697,56,9999,65,2838,68,7,1246,42,15,199,3
79,212,2764,56,692,10003,0
377,8,539,437,194,2056,0
1414,5518,0
21,4203,68,7,2518,887,0
63,995,123,674,1111,0
153,7,48,1714,0
90,64,75,549,1761,0
41,9999,9
30,5,10,3
439,82,254,14,4,230,0
61,1,91,0
91,1,5,30,0
5,300,12,9999,9999,0
2944,0
140,2944,0
91,1,2944,0
111,2,301,19,45,8,369,3
67,1,156,0
1273,1,232,0
2,237,692,10003,3
214,6,74,2,0
70,34,2,3
71,0
2,3
5,38,603,692,56,70,2,30,8,271,1524,17,207,2910,8731,0
39,365,39,137,8,172,2051,0
23,730,1,2705,9999,1,137,103,118,2343,814,0
81,106,35,336,6,260,99,6,2,2892,0
221,0
67,1,179,2030,1,156,0
25,116,1747,8,261,13,609,53,330,0
330,3
3763,3
2,155,54,1,122,0
2,155,328,4470,0
314,7,4470,3
47,107,3
23,730,655,17,10003,0
73,31,89,58,330,0
64,21,591,1,141,7,28,2195,0
10003,3
33,7,2264,0
10003,64,2264,3
20,116,35,130,2108,3
5,102,11,0
19,600,0
33,7,45,122,417,0
5,30,6,43,52,821,0
2,36,5,180,288,17,4,297,0
46,73,49,486,22,4,1348,1,179,96,8,1788,0
7226,49,305,87,3185,0
2,305,3185,3
67,0
16,106,822,407,1746,2401,192,313,21,199,305,3185,22,4,1348,64,619,136,0
40,31,48,685,0
48,34,2,0
117,7,243,3
170,0
32,11,110,1,82,170,0
7696,9
23,1649,7,1246,0
15,696,694,1159,2628,759,64,2
51,2,112,8,9999,6245,9999,0
34,2,17,139,42,3763,3
3763,3
32,11,1771,2,102,11,237,75,203,0
5,321,11,30,163,759,64,3763,65,2,1476,11,2878,97,319,0
5,196,40,106,51,75,0
153,7,867,13,373,13,140,9999,0
8,9999,3573,3
20,1,18,15,51,8,398,6765,1496,2362,3
317,295,167,75,9999,0
521,2,266,6,47,132,42,692,10003,1,2,155,30,350,0
2,127,11,126,6,991,19,52,42,285,0
135,9
5,196,40,106,69,6,74,87,4673,7,2910,8731,0
5,30,28,1524,17,3763,0
748,0
1311,9417,0
2,55,436,42,198,544,0
45,32,11,698,12,17,23,367,0
16,27,37,1246,42,75,9
29,2,69,6,436,42,692,3
428,700,9
78,2,142,191,12,104,3
5,102,11,436,0
2,59,154,2427,3
16,27,134,1,293,0
5,102,11,30,160,417,184,4019,0
5,126,8,1246,3503,0
1273,3
54,44,0
5,69,6,260,2,119,0
60,3
33,7,543,136,0
54,44,9
1273,0
21,526,725,3262,18,1090,19,393,0
45,108,19,20,2,76,0
32,11,1047
141,49,35,265,2029
5,36,115,2216
78,631,177
13,846,177
48,161,26,19
630,113
35,684
4,1244,18,22,4,2423
265,472,6,139
13,1219,42,19
45,161,13,74
5,139,2,60
13,16,49,139,2,803
61,1,32,11
35,1092
73,49,2269,35
319
26,4,1187
678,749,1733,129,299
521,2,78,45
215,17,19
141,49,35
265
2029
521,176,18,8724,1,113,83,1161,6,309,3
5881,365,25,32,11,1161,1,115,548,8470,26,97,0
20,206,12,41,2144,52,6,65,5,323,3
9999,365,693,13,180,0
5881,365,180,1191,4,5262,14,1840,1,13,693,1191,4,5262,14,9999,0
153,7,89,6,1606,60,3
100,1,5290,3
16,27,308,6,9999,103,1744,26,23,4293,0
5,45,126,10
5,30,103,1744,26,9616,2925,6,4,5087,9999,9999,0
116,25,181,56,12,404,3
5,136,48,1227,0
5,32,11,36,83,16,27,48,614,14,7668,0
107,206,2838,191,75,9999,3
58,0
16,49,43,2,62,0
5,45,126,8,124,390,14,685,1,45,26,4,297,0
92,1,5290,3
5,325,6,4,1241,6,43,75,293,8,9999,0
83,206,79,126,75,10003,3
20,26,3
13,117,7,243,42,19,3
83,155,4,196,14,2838,1246,42,285,35,426,9999,13,2078,3
5,223,51,9936,1884,1,46,5,30,48,302,1029,1,15,321,11,3046,99,41,0
20,155,5,29,3
20,111,2,29,3
258,3
20,29,5,29,3
521,12,38,19,1,6516,1,5,111,641,75,0
83,29,2,171,160,4291,1919,17,23,299,3
83,206,79,849,8,10003,3
83,256,11,79,22,4,3503,3
33,7,9999,0
4,3503,481,75,393,0
4,3503,481,75,393,3
6516,1,79,18,393,9
4,6311,155,339,75,9999,26,4199,489,8544,9
5,32,11,43,12,0
107,18,12,3
107,18,75,10003,3
77,1,2,36,1,5,55,935,0
16,72,121,1916,419,0
33,7,37,3713,1755,1,6516,0
4,1481,18,37,6,35,296,0
107,18,79,60,3
1397,713,0
2,76,0
700,1,32,11,110,15,0
14,270,153,7,64,1397,713,0
79,321,11,307,15,0
33,7,122,6627,0
13,66,7,107,79,1631,75,1397,1103,1,692,10003,0
90,1,16,27,37,71,64,1565,0
83,32,11,2,54,42,19,3
5,102,11,0
16,27,122,1227,6,641,75,0
141,7,170,6,12,1,2,36,0
40,31,1055,56,20,40,31,89,6,167,1,66,7,41,0
2,34,8,2623,0
6,191,75,17,2338,9165,0
5,675,11,30,759,0
20,2,32,11,36,78,234,2,9
20,2,32,11,36,205,11,444,2,1,33,49,234,2,0
51,65,63,108,2,40,31,89,6,7531,46,63,334,53,37,6,35,7531,0
692,10003,0
5,320,12,0
107,112,2,3
25,30,2910,1669,330,0
5290,1,116,2,301,97,3
5,30,6,181,6,2838,0
23,151,1,1273,0
137,4,602,109,437,3
233,42,19,0
5,30,8,818,330,0
20,3
2,30,8,818,3
42,93,3
5,187,3707,0
33,7,42,8,199,93,1201,19,52,0
107,3
64,23,8,8,778,0
172,0
101,8377,0
81,7,37,101,8377,0
81,7,4,8377,68,7,281,1,4,9999,0
163,189,0
20,206,39,29,3
81,7,8,1050,5548,1830,0
20,34,2,262,56,3
20,34,2,286,26,1,24,1218,3
91,0
138,31,129,44,0
81,7,3129,217,207,0
3113,0
40,31,89,53,42,8,3129,384,207,1050,5548,1830,0
2838,1,116,5,181,6,2,3
253,22,9
111,2,118,272,65,5,59,8,3963,3
91,0
73,49,1822,12,404,0
28,1,329,0
73,49,1822,12,0
329,1,32,11,0
329,1,24,1218,0
24,1218,0
221,0
428,1,40,31,48,393,9
107,112,2,289,3
1397,713,0
28,1,5,146,211,0
64,8,7060,7,1134,1,9738,8,1309,0
28,0
28,1,2,811,11,150,5,36,2,112,17,4,361,874,42,24,1346,0
66,7,50,0
5,303,2,0
70,3
5,38,6793,22,2,0
6793,3
66,7,50,0
5,303,4,224,14,2,0
2,1,24,1397,1346,13,24,10003,0
24,10003,0
33,7,37,44,1,48,107,116,12,35,3
141,7,28,377,152,84,8,10003,5337,1421,0
5,38,58,1,2838,0
5,303,12,41,0
92,0
92,1,5,1792,42,1861,8435,0
46,5,127,11,29,12,150,5,272,56,57,0
28,3
20,113,3
6,5572,57,3
5,114,6,167,53,65,119,38,243,42,19,0
5,102,11,436,42,2,1,4,546,15,5,139,0
5,114,6,36,65,5,38,103,250,14,1463,1,105,9999,0
5,114,6,36,65,5,116,163,43,9999,520,13,30,101,7504,9
13,55,2,3
67,0
33,7,71,573,0
5,55,9
92,0
5,69,53,14,21,1413,0
1273,1,32,11,110,15,0
2,36,5,126,2,0
126,19,3
70,55,2,126,19,98,41,160,2136,1383,446,42,423,46,19,3
37,372,0
45,1861,8435,0
39,3343,19,14,23,252,0
5,1729,2,14,24,252,0
2,1729,19,14,4,71,2011,0
39,3343,19,14,4,231,0
5,1335,5,155,267,219,0
2,36,1,6,789,53,20,4,327,18,0
70,80,5,43,6,35,4,71,252,3
20,136,5,1,9999,9999,3
12,18,8,9999,327,0
25,114,6,267,239,250,14,9999,0
358,7,4,2888,3
16,27,89,6,793,23,2319,53,0
32,11,35,48,862,713,9
5,80,12,84,159,26,2,84,26,19,0
61,1,144,2,0
26,19,3
144,2,48,159,26,421,14,19,0
77,1,12,798,0
60,5,36,15,5,55,43,1762,0
140,1762,0
5644,9
5,55,30,7504,0
51,4,814,5,114,98,25,173,581,2404,0
2,36,3
6564,814,1,107,5,5455,4,2000,0
16,27,48,336,6,225,21,1,2838,9
118,0
21,18,45,625,6,23,1851,0
5,32,11,126,4,2888,0
16,49,45,9999,44,22,4,4122,0
1273,1,32,11,35,754,0
13,32,11,35,754,64,1861,0
39,38,45,308,6,158,0
1861,3
1273,10
1273,1,135,0
135,0
2,36,5,139,2,48,159,0
5,126,2,0
5,102,11,309,332,2,0
1273,1,135,3
66,7,782,1,6516,0
5,32,11,586,154,14,12,0
79,365,79,80,12,9999,0
66,7,4,250,14,3105,63,9999,22,4,85,14,4,1573,893,0
79,266,6,123,156,79,116,186,682,9999,0
77,1,16,27,684,6,225,4,124,1132,55,186,10
2,36,1,33,7,37,17,9999,9999,0
33,7,17,9999,9999,0
5,32,11,36,20,6,29,1,5881,0
16,27,939,2031,0
2,149,12,0
40,31,452,6,436,340,0
13,2,59,21,3971,93,1,51,151,1,121,3263,13,1,51,151,1,18,230,0
141,7,170,243,42,283,452,0
25,112,882,6,35,452,0
66,7,83,2,30,6,1465,8,3857,3584,0
29,2,30,8,124,94,60,3
5,69,6,3645,42,2,0
33,7,45,8,2326,1,46,63,30,172,1585,627,0
73,31,17,646,0
141,7,8,199,2421,53,0
128,19,498,6,2,56,119,0
5,30,101,7496,53,17,2188,93,5446,13,81,7,148,103,6221,1609,22,1920,0
5,36,138,31,286,26,3976,14,7815,0
521,5,209,99,15,2,13,5,112,8,624,1,5,76,25,116,43,1991,0
961,2188,3
67,0
41,4,1162,18,53,58,0
33,7,37,44,0
5,32,11,36,20,2838,111,110,0
555,75,1649,7,212,266,6,47,6,2309,0
55,5,757,119,3
16,27,262,56,8,691,468,0
5,102,11,45,216,10,47,125,341,3
37,47,125,275,0
47,42,19,0
76,56,12,0
45,76,56,12,0
100,9
100,1,5,38,495,26,21,1113,26,338,375,0
5,38,44,26,338,375,1,495,10
2,59,8,327,42,19,2609,44,3
2,109,495,3
122,231,0
2,858,1,2,793,0
16,27,8,837,95,0
5,30,208,6,29,0
46,5,38,10
20,1,34,2,484,22,1969,6,35,5591,42,57,3,9
5,38,495,44,26,338,375,9
2,69,6,326,151,3
29,2,3
43,53,14,44,9
47,185,1,207,95,0
29,20,4,95,365,0
47,1,182,5,924,2,17,4,294,9
43,17,24,261,13,47,185,0
13,2,1,334,193,9
9999,9
23,151,1,5881,0
600,62,14,188,201,116,30,665,2,6,8,9999,0
678,12,48,525,2,3364,3
2962,7,4899,0
2,149,12,275,0
142,7615,0
46,17,4,4153,1,138,72,59,4,9999,0
20,34,2,148,3
83,34,2,2609,3
5881,1,20,34,2,148,3
83,34,25,85,44,3
20,18,15,26,3
5881,9
61,1,23,151,0
5881,9
5881,9
5881,1,131,7,47,9
23,151,0
40,31,580,17,4,299,1,2,36,15,3
393,9
354,4,261,0
20,34,2,148,3
5,114,3044,1383,129,4,164,0
22,4,62,362,1,5,38,3028,5881,38,8,9999,1,5997,4873,0
22,4,198,362,1,5,114,8,250,14,2058,9999,26,57,0
5,111,30,45,7,9108,183,1,9999,0
2,36,3
46,39,321,11,128,4,17,1663,490,0
39,3547,1805,0
58,34,212,103,147,93,78,3547,0
13,1,84,39,365,1,4,2145,18,212,9999,0
83,29,5,43,48,614,3
150,16,27,37,8,216,1733,0
4,62,94,2838,13,5,806,52,1,79,249,19,0
12,41,263,122,640,0
5,38,9817,125,2,0
12,38,8,9999,13,50,183,1,25,112,613,319,9
5,76,73,106,426,3792,125,103,94,1404,0
5,32,11,126,94,1404,0
5,36,5,139,2,0
77,1,5,29,9
5,102,11,76,0
5,43,160,9999,13,583,1,23,1948,7544,52,13,5,102,11,1192,0
5,223,2738,13,9999,9
179,65,25,1792,42,4,928,306,0
16,49,235,17,42,4244,0
20,65,2,714,6,8,3971,3
5,209,2,1,3971,32,11,180,26,19,0
5,36,70,6,838,99,0
45,41,15,181,56,70,25,112,246,26,416,198,1,13,1209,1,5,10
79,1085,53,0
5,38,3089,0
1250,27,6040,1974,6040,1974,4473,3362,53,14,4310,239,184,1,463,944,14,460,0
5,564,2404,1,46,12,38,364,284,75,53,14,23,279,0
83,32,11,2,54,6,4,616,68,287,3
4,345,6277,0
25,55,35,340,0
4,1195,137,171,19,1,466,1,140,159,17,4,2338,0
92,0
16,49,840,6,683,13,326,2,17,4,616,68,287,0
326,19,107,3
16,27,134,0
23,279,38,702,292,0
113,1,8,396,711,404,1,45,84,1475,84,79,1085,53,1
2838,2033,0
16,27,85,0
46,65,2,32,11,69,19,1,5,251,0
40,31,85,3
5,383,11,35,332,2,0
5,564,1,46,5,45,383,11,0
2,127,11,235,17,42,24,1000,4244,1,51,2,149,0
5,300,53,2,325,6,4794,6947,42,1355,7009,3012,0
77,1,2,55,251,0
39,266,19,6,47,42,57,6,4794,6947,13,1612,0
12,4214,48,2108,0
188,34,1415,16,72,3219,14,0
5,196,66,7,20,5,266,0
46,5,906,2,122,159,0
46,14,270,2,246,139,42,57,0
92,0
259,0
61,1,67,10,13,64,4,9999,0
41,5,116,76,56,355,25,112,148,12,38,70,159,2,111,139,15,4828,0
48,16,27,85,0
16,27,185,150,10
5,102,11,309,332,2,0
25,246,139,15,9999,0
12,38,703,0
521,143,9999,2478,961,9999,116,202,1,45,226,3426,1,51,103,207,9785,5422,0
5290,1,111,2,191,12,104,3
40,31,89,6,668,2838,0
1273,1,2,363,11,531,4318,0
21,18,4318,9
55,2,191,12,104,3
2838,68,7,10,25,303,6646,9999,22,5138,330,0
79,38,4174,9
1867,9
5,476,5,116,29,15,9
2,55,0
5,55,0
5,146,1,5,30,8,893,0
5,45,126,103,9999,9616,86,2,1,1273,0
785,0
16,27,134,0
16,27,1,178,10
4318,1,32,11,133,19,159,0
16,72,121,114,3936,182,0
92,1,45,8,124,0
678,15,3512,1496,10,20,34,2,10
678,15,1,178,10,3
33,7,793,0
793,3
20,34,2,148,42,793,3
13,22,23,1278,3
40,31,377,8,773,17,4,3287,9
2,55,9999,0
16,27,37,89,6,9999,0
20,18,89,22,3
5,149,138,106,668,2,0
293,1,2,36,70,1212,12,18,26,19,6,436,0
5,347,142,1246,2427,330,0
25,303,6646,9999,22,5138,0
2,69,103,3936,3
28,1,25,32,11,69,154,3936,1,2838,0
16,72,121,564,12,0
16,72,121,564,1288,14,208,9
9999,3961,1,9731,5890,0
16,106,30,8,124,0
2,32,11,36,20,40,31,148,9
28,4658,1,1273,0
4318,438,440,20,81,7,148,0
170,6,380,56,0
172,0
5,205,11,35,8,454,14,21,0
2,34,48,526,9999,9
144,2,140,159,1,5290,0
79,137,8,464,0
40,31,121,52,26,169,0
16,27,52,26,208,15,40,31,37,52,26,0
92,3
20,18,15,462,6,146,3
170,0
16,27,37,89,6,9999,3936,1,92,3
16,27,8,214,1,1943,3157,242,1,92,3
16,27,37,1255,169,52,23,1225,0
23,151,1,5290,9
34,2,709,19,3
5,32,11,36,0
5,29,12,50,3
33,49,123,2,223,1714,1,1273,0
206,12,3
206,12,123,2,223,1714,3
1714,0
21,116,35,1009,0
103,147,12,481,223,1714,0
198,12,481,9999,0
42,23,646,1,40,49,96,8,1632,6,19,0
54,22,1,45,29,8,488,9
2,36,20,21,206,6,24,3875,7363,9999,3
3917,99,5579,0
45,29,103,42,19,0
28,9
179,33,49,334,19,22,0
788,1,30,8,447,0
5,30,6,181,6,5881,0
33,7,45,8,2530,152,0
33,7,37,51,73,31,1523,7149,0
63,9999,3936,9
55,2,215,15,3
23,293,3030,19,9999,0
153,7,823,75,588,2300,9
125,4,120,1,12,80,37,3046,115,327,17,569,0
5,38,37,518,410,64,23,1649,7,1105,0
70,29,2,36,48,159,56,57,3
77,1,39,38,1009,6,181,6,0
48,40,31,405,40,31,22,4,6477,150,2,321,11,9999,3936,3
33,7,37,4,3936,0
33,7,4,5603,0
20,5603,3
13,1,2,36,1,153,7,37,2748,243,0
5,146,1,5,136,122,5721,2725,13,4799,106,0
20,18,21,3
5,476,12,112,0
5,995,102,11,687,64,185,520,0
20,18,12,3
23,1906,6967,42,2915,0
2778,1953,1,14,270,0
2,32,11,251,1,92,3
521,5,32,11,31,52,42,57,1,39,78,1505,323,0
81,49,3438,1884,0
5,251,0
28,1,5,251,904,0
20,34,2,148,3
5881,1,20,4,238,34,2,148,3,9
20,18,243,42,2,3,9
107,34,2,778,57,3
20,80,2,29,3,9
64,9650,68,7,0
20,80,2,29,3
77,1,47,17,13,108,57,33,7,129,0
108,57,2,13,5,34,89,6,2188,6,687,84,8,624,0
34,2,1578,3
5,102,11,108,57,33,7,129,1,5881,0
5,610,10
16,49,47,42,2,0
16,49,370,17,4,222,355,2,108,57,0
16,49,133,2,4638,1470,0
13,32,11,665,193,4,2736,0
333,2,10003,1,40,31,378,0
16,27,134,16,27,417,0
23,329,137,21,9999,9999,0
134,0
5,1005,175,1002,9999,0
81,7,457,42,8,4657,93,621,2897,0
5,2829,209,57,24,1304,0
5,149,1,2,36,1,20,2,43,0
4,374,794,1146,0
8,255,14,1241,3114,0
5,149,1,82,90,1,1273,6516,18,8,1823,0
521,20,2,126,34,1241,3114,1,39,55,29,99,0
2915,3
117,7,243,42,24,893,3
25,155,181,0
67,0
66,7,4,120,5,136,0
5,212,51,6,1725,400,182,4,2184,0
21,120,1,2,55,744,13,960,1016,0
2,604,4,1906,1,50,3
13,1,13,40,72,248,8,140,1823,291,0
13,16,72,949,2,10
5,146,1,4,9999,4280,0
2,36,1,163,555,12,7,8360,3433,2,0
60,10,60,5,74,341,686,17,8,322,194,2378,0
1840,3
2567,1,16,27,1060,17,130,634,208,0
8,4293,1,179,103,2484,1,179,37,163,6221,0
4,1084,34,17,4,3114,0
1847,10,4,449,394,34,37,8232,0
2915,10
20,3
40,31,41,6441,3480,0
16,27,37,89,6,31,659,42,2,0
40,31,20,3
16,27,37,89,6,126,8,1672,0
40,31,37,31,5833,42,19,3
33,7,37,4,366,14,4,247,0
40,31,8314,19,3
28,1,37,8314,0
16,27,686,0
16,27,2428,23,7697,0
32,11,96,12,2395,0
28,9
23,176,10
23,176,18,129,0
40,31,37,31,5833,42,19,3,9
2915,1,672,104,0
46,23,767,9
23,1394,9
4,8742,9
40,31,8314,19,9
40,31,9999,0
2,7593,1,6297,1,142,3718,10,2,4685,339,9
1214,1,21,18,37,20,2,76,0
16,72,8769,41,23,944,17,2,9
16,27,666,508,0
20,30,5,248,243,3,9
170,0
70,30,5,1970,2,3,9
40,72,109,172,0
55,25,1822,21,6921,3
21,18,4,4164,5,43,26,217,14,3842,3,9
2915,1,37,372,2677,239,1906,26,176,0
4,287,18,1705,529,9
1705,529,9
622,9
622,9
5881,9
5881,9
81,7,2939,19,9
21,18,4,413,132,5,43,9
16,27,53,9
81,7,473,12,2395,0
8747,17,23,1996,9
55,25,43,103,4862,26,57,3
135,8133,0
108,57,6,8133,0
16,49,47,185,13,76,56,12,0
229,6,19,9
81,7,37,31,3504,0
81,7,686,22,0
43,22,42,24,176,0
372,1,469,85,0
744,0
61,1,23,151,9
58,639,6,35,8,3735,665,44,0
20,30,5,248,3
25,155,43,101,2722,0
101,2722,3
20,30,5,248,3
61,1,23,151,9
744,0
4,9999,78,3103,22,4,1996,0
5,385,57,9
5,675,11,30,4029,6,2,0
583,4,1894,461,85,0
2,32,11,126,8,1672,0
2915,3
2915,106,6996,37,106,3506,0
84,5881,9999,1,39,9999,0
5,1518,193,961,4,9999,1,9999,6,43,23,1919,961,582,0
2005,16,27,2778,156,105,5994,1,5,96,6,4,9999,1838,0
9999,961,194,740,7287,23,299,0
5,383,11,2879,3354,0
58,38,8,9999,14,1448,1,14,9999,0
100,9
232,9
100,0
1273,1,2,237,3763,0
3763,1,214,6,74,2,0
5,1793,75,26,652,0
40,31,3008,3
91,0
16,27,518,5873,0
39,481,485,14,19,150,5,143,36,70,6,123,5873,26,760,147,0
5,102,11,435,4,8295,9999,0
48,330,73,49,35,463,338,1236,7672,0
5,30,573,9
16,72,454,1805,1326,42,2915,0
61,0
4,5873,26,760,18,2053,0
128,19,757,20,263,0
58,5,136,1,463,8,214,94,1,8,124,1026,0
5,30,142,2106,13,16,27,298,6,253,52,8,9999,7,907,0
5,354,6,74,20,12,18,56,3763,15,2838,114,9999,56,0
79,38,140,2396,13,335,13,867,0
5,581,6,43,4,612,15,79,38,2039,19,9999,0
16,72,121,300,5226,7158,1924,295,3200,0
5,159,1713,2140,42,1860,0
16,72,2665,26,103,335,2058,286,295,17,23,176,0
211,9999,1,5,300,341,340,961,4,9999,10003,9999,13,9999,6,576,75,0
5,110,3245,678,150,12,38,4,9999,9999,9999,9999,2838
16,27,9999,115,8371,13,686,6,2188,42,5881,0
141,7,8,291,495,26,97,0
16,49,307,194,740,1,46,65,5,55,9999,259,218,1
5,55,714,13,180,22,23,274,7891,0
20,29,2,76,56,23,1380,3
20,29,2,76,56,12,3
5,209,99,16,27,666,0
5,474,1324,13,5,205,11,7408,0
16,72,966,103,218,0
4,152,16,49,307,317,18,4,394,0
4,394,34,703,0
1591,0
2,155,74,4,4906,1326,63,9999,1266,723,4,2654,9999,0
33,7,919,0
60,2,30,6,108,2838,0
5,36,0
13,32,11,10003,0
80,5,10003,42,2915,3
258,3
28,0
5,32,11,163,36,20,4,238,82,10003,82,499,1,48,70,55,5,10003,3
1864,1,153,49,323,0
2838,3
2838,1,5,69,6,181,42,2,0
232,0
232,0
5,69,6,181,56,119,0
5,126,6,181,6,2,1,122,0
5,76,5,155,47,173,1,68,357,33,7,335,634,0
19,1,122,0
55,25,370,104,3
67,1,5,76,25,155,370,0
16,27,686,6,2301,2658,0
16,27,686,53,0
20,3
5,69,6,35,939,1131,42,2,1,1273,0
16,72,531,285,13,3852,140,776,1383,26,57,0
2,531,285,3
91,0
30,2,109,463,101,2934,3
28,1,13,5,32,11,69,6,0
5,102,11,29,41,15,975,13,5952,193,0
77,1,107,80,2,326,57,3
961,2417,0
2,187,30,1194,94,42,57,6,30,1383,26,57,0
73,72,114,8,396,2106,1,170,1418,0
45,8,396,3645,0
48,2,30,109,792,285,0
16,72,114,8,557,14,6397,7745,0
2,1792,42,57,3
23,151,1,1273,0
20,29,2,76,5,136,3
30,2,3
333,0
13,140,1143,0
5,114,6,74,65,25,112,6885,9999,0
5,3909,6,128,341,30,101,2934,0
66,7,83,16,27,283,48,1131,0
5,69,6,35,676,1041,0
16,27,64,8,2316,26,733,0
5,1,178,1,5,10
5,32,11,36,20,6,110,0
16,27,904,657,8,85,0
16,49,35,686,53,0
219,78,35,691,13,1131,0
329,78,226,44,630,1949,13,5,43,3075,0
1949,3
33,49,143,35,8,875,1,411,1949,68,7,2122,461,236,0
28,0
24,1649,7,37,1265,44,0
5,149,16,27,686,6,2188,0
5,205,11,35,44,0
66,7,48,172,9
80,2,43,8,291,53,58,3
91,0
5881,13,5,1,22,8,809,260,0
66,7,703,0
40,49,1155,68,408,230,53,58,0
9999,93,34,1766,3268,17,194,740,47,6,1558,883,13,682,7746,0
21,18,1092,1,46,33,7,26,4,288,0
2,36,20,111,35,250,14,2108,3
521,25,112,6,123,139,1,45,62,202,94,0
26,207,456,68,1042,0
5,196,2,383,11,0
1178,7,515,60,0
4,9999,137,824,0
93,438,3
179,73,49,366,52,463,101,2934,0
5,80,12,9
5,80,12,0
5,409,41,4,6772,0
5,223,487,13,9999
51,16,27,1770,236,1113,0
5,223,4896,13,16,27,140,2136,1,46,514,51,16,27,2017,551,0
5,32,11,36,0
16,27,156,333,25,43,6,1558,883,13,354,457,10
1151,14,280,1,5,45,1008,103,5139,0
117,7,243,3
2,662,41,888,0
107,3
60,3
5,32,11,76,5,36,107,15,1175,17,4,1136,18,0
107,18,12,3
41,50,0
16,49,167,12,0
40,31,417,9
116,2,547,8,130,9999,1175,3
80,419,641,2,3
28,9
28,62,1916,19,0
161,411,5,108,2,20,2838,149,0
5,30,6,757,119,6,2,0
1532,6,2846,1,5,76,5,155,118,43,183,6,8,796,9999,9999,0
179,51,7793,105,119,0
20,34,2,262,56,3
2,30,6,47,125,275,0
16,27,37,89,0
20,3
2,30,4,291,0
33,7,58,495,26,2,0
33,7,41,248,0
28,1,28,1,28,0
66,7,37,4,453,0
25,47,84,8,624,1,5881,0
40,31,1736,52,0
2,55,820,12,340,0
5,32,11,251,0
20,263,3
2,32,11,69,6,36,0
2,102,11,763,53,13,37,133,19,101,3149,0
16,72,824,23,322,176,193,0
20,263,3
45,103,2171,1,6516,0
2,36,0
4,198,184,1,5,38,53,14,715,0
32,11,269,19,107,0
4,796,2,36,1,4,189,0
5,38,308,6,956,23,261,6,8,3308,9143,84,8,9999,6,115,967,6,2188,0
13,5,38,244,185,1,8976,8,124,390,0
117,7,4,485,14,463,8,261,51,15,65,2,102,11,43,8,124,9999,89,3
13,5,38,1020,125,142,715,8943,0
3643,3
32,11,2,1249,108,19,2,437,99,0
5,383,11,167,426,14,99,1,143,62,0
84,1937,801,53,1,5,4927,4,130,9999,14,4,142,0
5881,9
5881,9
23,151,9
5,212,320,5,111,339,4,3857,3584,62,164,0
33,7,45,26,8,2474,14,94,411,219,3927,129,1,5,864,0
151,0
61,1,5881,0
5,121,303,105,310,86,2261,2321,9999,0
138,49,30,41,4,2129,10,20,2,155,29,13,37,29,0
32,11,3152,42,99,0
110,1,82,91,1,66,7,8,1667,344,1,82,13,29,20,2,69,0
4,9999,1003,56,5881,678,4,207,62,9999,0
4,509,9
5,320,15,509,38,539,26,75,0
117,106,2,110,3
5,38,45,405,70,812,176,18,1,70,596,14,9999,2146,0
77,1,2,36,1,33,7,51,169,292,0
40,106,35
48,388,6,139
48,388,6,9999
41,753,1371
48,790,4,9999,26
48,4637,6,191,239,185,9999,9999,26
73,106,35
48,1166,64,4,422
48,272,487,319,15,12
206,712,8,1495
15,2,102,11,74
24,767,10003,19
